{"cameraMode":{"drawMode":0,"name":"Shaded","section":"Shading Mode"},"sceneLighting":false,"audioPlay":false,"sceneViewState":{"showFog":true,"showMaterialUpdate":true,"showSkybox":false,"showFlares":true,"showImageEffects":true,"showParticleSystems":true},"in2DMode":false,"pivot":{"x":-5.1529998779296879,"y":1.749000072479248,"z":-5.673999786376953},"rotation":{"x":-0.04273500293493271,"y":-0.37057071924209597,"z":-0.01669328287243843,"w":0.9278021454811096},"size":1.6408843994140626,"orthographic":false}