{"cameraMode":{"drawMode":0,"name":"Shaded","section":"Shading Mode"},"sceneLighting":true,"audioPlay":false,"sceneViewState":{"showFog":true,"showMaterialUpdate":false,"showSkybox":false,"showFlares":true,"showImageEffects":true,"showParticleSystems":true},"in2DMode":false,"pivot":{"x":-4.543910980224609,"y":0.833132803440094,"z":6.909983158111572},"rotation":{"x":-0.10928189754486084,"y":0.3721344769001007,"z":-0.04437456652522087,"w":-0.9207472801208496},"size":2.6467151641845705,"orthographic":false}