{"cameraMode":{"drawMode":0,"name":"Shaded","section":"Shading Mode"},"sceneLighting":true,"audioPlay":false,"sceneViewState":{"showFog":true,"showMaterialUpdate":true,"showSkybox":false,"showFlares":true,"showImageEffects":true,"showParticleSystems":true},"in2DMode":false,"pivot":{"x":-8.510331153869629,"y":6.264474391937256,"z":-9.037174224853516},"rotation":{"x":-0.02631756104528904,"y":-0.9315518736839294,"z":0.3567219078540802,"w":-0.06852482259273529},"size":1.0361227989196778,"orthographic":false}