{"cameraMode":{"drawMode":0,"name":"Shaded","section":"Shading Mode"},"sceneLighting":true,"audioPlay":false,"sceneViewState":{"showFog":true,"showMaterialUpdate":true,"showSkybox":false,"showFlares":true,"showImageEffects":true,"showParticleSystems":true},"in2DMode":false,"pivot":{"x":0.33818185329437258,"y":-0.1679953634738922,"z":0.11947453767061234},"rotation":{"x":-0.28894123435020449,"y":-0.1751885861158371,"z":0.05363389104604721,"w":-0.939885675907135},"size":0.3679978847503662,"orthographic":false}