{"cameraMode":{"drawMode":0,"name":"Shaded","section":"Shading Mode"},"sceneLighting":true,"audioPlay":false,"sceneViewState":{"showFog":true,"showMaterialUpdate":false,"showSkybox":false,"showFlares":true,"showImageEffects":true,"showParticleSystems":true},"in2DMode":false,"pivot":{"x":17.722694396972658,"y":49.72267532348633,"z":-37.20159912109375},"rotation":{"x":-0.1939728707075119,"y":0.3704974055290222,"z":-0.07958361506462097,"w":-0.9049567580223084},"size":5.955070972442627,"orthographic":false}