{"cameraMode":{"drawMode":0,"name":"Shaded","section":"Shading Mode"},"sceneLighting":false,"audioPlay":false,"sceneViewState":{"showFog":true,"showMaterialUpdate":true,"showSkybox":false,"showFlares":true,"showImageEffects":true,"showParticleSystems":true},"in2DMode":false,"pivot":{"x":1.9073498249053956,"y":-3.048799991607666,"z":-1.970099925994873},"rotation":{"x":0.00022643462580163032,"y":-0.9889147877693176,"z":0.14916874468326569,"w":0.0022470641415566208},"size":1.4226202964782715,"orthographic":false}