{"cameraMode":{"drawMode":0,"name":"Shaded","section":"Shading Mode"},"sceneLighting":true,"audioPlay":false,"sceneViewState":{"showFog":true,"showMaterialUpdate":false,"showSkybox":false,"showFlares":true,"showImageEffects":true,"showParticleSystems":true},"in2DMode":false,"pivot":{"x":10.222867965698243,"y":-4.537944793701172,"z":-0.10455465316772461},"rotation":{"x":0.13505910336971284,"y":0.5960386395454407,"z":-0.10256572812795639,"w":0.7848687171936035},"size":4.066007137298584,"orthographic":false}