{"cameraMode":{"drawMode":0,"name":"Shaded","section":"Shading Mode"},"sceneLighting":true,"audioPlay":false,"sceneViewState":{"showFog":true,"showMaterialUpdate":true,"showSkybox":false,"showFlares":true,"showImageEffects":true,"showParticleSystems":true},"in2DMode":false,"pivot":{"x":-13.33651065826416,"y":5.3072028160095219,"z":11.038256645202637},"rotation":{"x":-0.08973726630210877,"y":-0.4771077632904053,"z":-0.048764653503894809,"w":0.8731357455253601},"size":0.6845096349716187,"orthographic":false}