{"cameraMode":{"drawMode":0,"name":"Shaded","section":"Shading Mode"},"sceneLighting":false,"audioPlay":false,"sceneViewState":{"showFog":true,"showMaterialUpdate":true,"showSkybox":false,"showFlares":true,"showImageEffects":true,"showParticleSystems":true},"in2DMode":false,"pivot":{"x":-2.737943172454834,"y":0.5451864004135132,"z":1.834411859512329},"rotation":{"x":-0.323862761259079,"y":0.4306612014770508,"z":-0.16939614713191987,"w":-0.8253403306007385},"size":1.2920540571212769,"orthographic":false}