{"cameraMode":{"drawMode":0,"name":"Shaded","section":"Shading Mode"},"sceneLighting":true,"audioPlay":false,"sceneViewState":{"showFog":true,"showMaterialUpdate":true,"showSkybox":true,"showFlares":true,"showImageEffects":true,"showParticleSystems":true},"in2DMode":false,"pivot":{"x":288.9129943847656,"y":242.8672637939453,"z":-37.00963592529297},"rotation":{"x":-0.0004832208505831659,"y":0.9999241232872009,"z":-0.025520173832774164,"w":0.005633713211864233},"size":240.96031188964845,"orthographic":false}