{"cameraMode":{"drawMode":0,"name":"Shaded","section":"Shading Mode"},"sceneLighting":true,"audioPlay":false,"sceneViewState":{"showFog":true,"showMaterialUpdate":true,"showSkybox":false,"showFlares":true,"showImageEffects":true,"showParticleSystems":true},"in2DMode":false,"pivot":{"x":-47.09320068359375,"y":48.00631332397461,"z":-59.968685150146487},"rotation":{"x":-0.006116893608123064,"y":-0.9943535923957825,"z":0.07439983636140824,"w":-0.07694828510284424},"size":3.0037617683410646,"orthographic":false}