{"cameraMode":{"drawMode":0,"name":"Shaded","section":"Shading Mode"},"sceneLighting":true,"audioPlay":false,"sceneViewState":{"showFog":true,"showMaterialUpdate":true,"showSkybox":false,"showFlares":true,"showImageEffects":true,"showParticleSystems":true},"in2DMode":false,"pivot":{"x":-1.0651288032531739,"y":-8.121068954467774,"z":-26.31157684326172},"rotation":{"x":-0.49489521980285647,"y":-0.17195653915405274,"z":0.10174834728240967,"w":-0.8459804654121399},"size":0.7062684893608093,"orthographic":false}