{"cameraMode":{"drawMode":0,"name":"Shaded","section":"Shading Mode"},"sceneLighting":true,"audioPlay":false,"sceneViewState":{"showFog":true,"showMaterialUpdate":true,"showSkybox":false,"showFlares":true,"showImageEffects":true,"showParticleSystems":true},"in2DMode":false,"pivot":{"x":54.185001373291019,"y":15.262821197509766,"z":0.09838815778493881},"rotation":{"x":-0.048686787486076358,"y":0.22971493005752564,"z":-0.011802170425653458,"w":-0.9720906615257263},"size":1.3592970371246338,"orthographic":false}