{"cameraMode":{"drawMode":0,"name":"Shaded","section":"Shading Mode"},"sceneLighting":true,"audioPlay":false,"sceneViewState":{"showFog":true,"showMaterialUpdate":true,"showSkybox":false,"showFlares":true,"showImageEffects":true,"showParticleSystems":true},"in2DMode":false,"pivot":{"x":-54.756317138671878,"y":-2.6802263259887697,"z":4.6032185554504398},"rotation":{"x":-0.0680462047457695,"y":0.6781505346298218,"z":0.06364624947309494,"w":0.7292901277542114},"size":0.8154914975166321,"orthographic":false}