{"cameraMode":{"drawMode":0,"name":"Shaded","section":"Shading Mode"},"sceneLighting":true,"audioPlay":false,"sceneViewState":{"showFog":true,"showMaterialUpdate":true,"showSkybox":false,"showFlares":true,"showImageEffects":true,"showParticleSystems":true},"in2DMode":false,"pivot":{"x":10.775298118591309,"y":-8.880683898925782,"z":-24.746557235717775},"rotation":{"x":-0.052335474640131,"y":-0.8732771873474121,"z":0.47481009364128115,"w":-0.09628627449274063},"size":128.35574340820313,"orthographic":false}