{"cameraMode":{"drawMode":0,"name":"Shaded","section":"Shading Mode"},"sceneLighting":false,"audioPlay":false,"sceneViewState":{"showFog":true,"showMaterialUpdate":true,"showSkybox":false,"showFlares":true,"showImageEffects":true,"showParticleSystems":true},"in2DMode":false,"pivot":{"x":12.841371536254883,"y":6.876707553863525,"z":-7.42091178894043},"rotation":{"x":0.027179311960935594,"y":-0.9698768258094788,"z":0.2052018642425537,"w":0.1284722238779068},"size":2.9586985111236574,"orthographic":false}