{"cameraMode":{"drawMode":0,"name":"Shaded","section":"Shading Mode"},"sceneLighting":true,"audioPlay":false,"sceneViewState":{"showFog":true,"showMaterialUpdate":true,"showSkybox":true,"showFlares":true,"showImageEffects":true,"showParticleSystems":true},"in2DMode":false,"pivot":{"x":960.9000244140625,"y":540.000244140625,"z":0.0},"rotation":{"x":-0.04229680448770523,"y":-0.002400844357907772,"z":0.00010144017142010853,"w":-0.9991036057472229},"size":757.0947875976563,"orthographic":false}